Image Path,Image Name
Makeup Looks\heart_caramel_matte_1.jpeg,heart_caramel_matte
Makeup Looks\heart_caramel_matte_2.jpeg,heart_caramel_matte
Makeup Looks\heart_caramel_matte_3.jpeg,heart_caramel_matte
Makeup Looks\heart_caramel_matte_4.jpeg,heart_caramel_matte
Makeup Looks\heart_caramel_matte_5.jpeg,heart_caramel_matte
Makeup Looks\heart_caramel_matte_6.jpeg,heart_caramel_matte
Makeup Looks\heart_caramel_matte_7.jpeg,heart_caramel_matte
Makeup Looks\heart_caramel_matte_8.jpeg,heart_caramel_matte
Makeup Looks\heart_caramel_smoky_1.jpeg,heart_caramel_smoky
Makeup Looks\heart_caramel_smoky_2.jpeg,heart_caramel_smoky
Makeup Looks\heart_caramel_smoky_3.jpeg,heart_caramel_smoky
Makeup Looks\heart_caramel_smoky_4.jpeg,heart_caramel_smoky
Makeup Looks\heart_caramel_smoky_5.jpeg,heart_caramel_smoky
Makeup Looks\heart_caramel_smoky_6.jpeg,heart_caramel_smoky
Makeup Looks\oval_caramel_bridal_1.jpeg,oval_caramel_bridal
Makeup Looks\oval_caramel_bridal_2.jpeg,oval_caramel_bridal
Makeup Looks\oval_caramel_bridal_3.jpeg,oval_caramel_bridal
Makeup Looks\oval_caramel_bridal_4.jpeg,oval_caramel_bridal
Makeup Looks\oval_fair_bridal_1.jpeg,oval_fair_bridal
Makeup Looks\oval_fair_bridal_2.jpeg,oval_fair_bridal
Makeup Looks\oval_fair_bridal_3.jpeg,oval_fair_bridal
Makeup Looks\oval_fair_bridal_4.jpeg,oval_fair_bridal
Makeup Looks\oval_fair_bridal_5.jpeg,oval_fair_bridal
Makeup Looks\round_fair_natural_1.jpeg,round_fair_natural
Makeup Looks\round_fair_natural_2.jpeg,round_fair_natural
Makeup Looks\round_fair_natural_3.jpeg,round_fair_natural
Makeup Looks\round_fair_natural_4.jpeg,round_fair_natural
Makeup Looks\round_fair_natural_5.jpeg,round_fair_natural
Makeup Looks\round_fair_natural_6.jpeg,round_fair_natural
Makeup Looks\round_fair_natural_7.jpeg,round_fair_natural
Makeup Looks\round_fair_natural_8.jpeg,round_fair_natural
Makeup Looks\round_fair_natural_9.jpeg,round_fair_natural
Makeup Looks\round_tan_natural_1.jpeg,round_tan_natural
Makeup Looks\round_tan_natural_2.jpeg,round_tan_natural
Makeup Looks\round_tan_natural_3.jpeg,round_tan_natural
Makeup Looks\round_tan_natural_4.jpeg,round_tan_natural
Makeup Looks\round_tan_natural_5.jpeg,round_tan_natural
Makeup Looks\round_tan_natural_6.jpeg,round_tan_natural
Makeup Looks\square_fair_glam_1.jpeg,square_fair_glam
Makeup Looks\square_fair_glam_2.jpeg,square_fair_glam
Makeup Looks\square_fair_glam_3.jpeg,square_fair_glam
Makeup Looks\square_fair_glam_4.jpeg,square_fair_glam
Makeup Looks\square_fair_glam_5.jpeg,square_fair_glam
Makeup Looks\square_fair_glam_6.jpeg,square_fair_glam
Makeup Looks\square_wheatish_heavy_1.jpeg,square_wheatish_heavy
Makeup Looks\square_wheatish_heavy_2.jpeg,square_wheatish_heavy
Makeup Looks\square_wheatish_heavy_3.jpeg,square_wheatish_heavy
Makeup Looks\square_wheatish_heavy_4.jpeg,square_wheatish_heavy
Makeup Looks\square_wheatish_heavy_5.jpeg,square_wheatish_heavy
Makeup Looks\square_wheatish_heavy_6.jpeg,square_wheatish_heavy
